{
    "Setting": {
        "Font_Logo": "F4",
        "Back_Logo": "B0",
        "Font_Color": "F8",
        "Back_Color": "B1",
        "Font_ERROR": "F2",
        "Back_ERROR": "B5"
    },
    "Delay": {
        "Time_logo": 0.0025,
        "Time_About": 0.025
    },
    "Tabale": {
        "Font": {
            "0": "Blue",
            "1": "Black",
            "2": "Red",
            "3": "Green",
            "4": "yellow",
            "5": "Mac dinh",
            "6": "Magenta",
            "7": "Cyan",
            "8": "White"
        },
        "Back": {
            "0": "Black",
            "1": "Mac dinh",
            "2": "Red",
            "3": "Green",
            "4": "yellow",
            "5": "Blue",
            "6": "Magenta",
            "7": "Cyan",
            "8": "White"
        }
    }
}